{"cameraMode":{"drawMode":0,"name":"Shaded","section":"Shading Mode"},"sceneLighting":true,"audioPlay":false,"sceneViewState":{"showFog":true,"showMaterialUpdate":false,"showSkybox":true,"showFlares":true,"showImageEffects":true,"showParticleSystems":true},"in2DMode":false,"pivot":{"x":-44.57622146606445,"y":-18.31702423095703,"z":36.340065002441409},"rotation":{"x":0.008909553289413453,"y":0.877670168876648,"z":-0.47890424728393557,"w":0.01632816344499588},"size":108.39639282226563,"orthographic":false}