{"cameraMode":{"drawMode":0,"name":"Shaded","section":"Shading Mode"},"sceneLighting":true,"audioPlay":false,"sceneViewState":{"showFog":true,"showMaterialUpdate":false,"showSkybox":true,"showFlares":true,"showImageEffects":true,"showParticleSystems":true},"in2DMode":false,"pivot":{"x":-14.478108406066895,"y":-4.172569274902344,"z":15.036642074584961},"rotation":{"x":-0.11941051483154297,"y":0.8519259095191956,"z":-0.4592317044734955,"w":-0.2215169072151184},"size":36.66823959350586,"orthographic":false}