{"cameraMode":{"drawMode":0,"name":"Shaded","section":"Shading Mode"},"sceneLighting":true,"audioPlay":false,"sceneViewState":{"showFog":false,"showMaterialUpdate":false,"showSkybox":false,"showFlares":false,"showImageEffects":false,"showParticleSystems":false},"in2DMode":false,"pivot":{"x":3.874828338623047,"y":-15.371788024902344,"z":6.897457122802734},"rotation":{"x":-0.1508956402540207,"y":0.829446017742157,"z":-0.4659305810928345,"w":-0.2686232030391693},"size":97.0274429321289,"orthographic":false}